{"cameraMode":{"drawMode":0,"name":"Shaded","section":"Shading Mode"},"sceneLighting":true,"audioPlay":false,"sceneViewState":{"showFog":true,"showMaterialUpdate":false,"showSkybox":true,"showFlares":true,"showImageEffects":true,"showParticleSystems":true},"in2DMode":false,"pivot":{"x":22.404813766479493,"y":8.718704223632813,"z":8.125970840454102},"rotation":{"x":-0.05525611340999603,"y":0.7576855421066284,"z":0.06470409035682678,"w":0.6470494866371155},"size":14.860950469970704,"orthographic":false}